idSku,target,prediction,RMSE,MAPE,MASE,SMAPE,RMSSE
1,"[264, 276, 249, 252, 261, 273, 291, 297, 312, 285, 282, 303, 300, 300, 285, 306, 279, 285, 291, 291, 288, 288, 312, 300, 309, 306, 297, 270, 267, 267, 267, 261, 279, 288, 288, 285, 298, 274, 277, 274, 272, 276, 270, 285, 267, 265, 268, 282, 285, 302, 317, 293, 289, 282, 285, 291, 290, 317, 299, 301, 312, 314, 329, 344, 353, 337, 355, 365, 368, 363, 363, 387, 370, 368, 353, 347, 344, 338, 359, 339, 333, 333, 318, 324, 342, 357, 321, 312, 309, 336, 327, 318, 339, 321, 324, 312, 312, 303, 297, 321, 300, 288, 276, 282, 267, 270, 291, 273, 294]","[240, 255, 249, 247, 246, 246, 244, 249, 263, 254, 244, 245, 231, 231, 231, 245, 233, 232, 228, 224, 225, 222, 232, 218, 219, 224, 223, 225, 224, 221, 213, 220, 229, 228, 226, 226, 224, 217, 216, 218, 217, 203, 206, 216, 202, 200, 198, 194, 195, 210, 225, 207, 215, 216, 217, 218, 236, 251, 234, 238, 240, 261, 265, 266, 281, 265, 267, 267, 266, 265, 264, 279, 265, 263, 262, 260, 261, 264, 278, 261, 262, 260, 258, 263, 258, 273, 259, 261, 260, 258, 254, 258, 272, 255, 254, 255, 250, 249, 249, 262, 248, 250, 246, 237, 241, 236, 250, 232, 232]",66.57602400622213,0.2052619996750672,5.54593344101752,0.23100666602569914,4.6049643173018335
2,"[486, 495, 486, 507, 495, 498, 507, 498, 504, 513, 501, 480, 495, 501, 501, 525, 516, 501, 483, 474, 462, 468, 489, 477, 474, 453, 459, 456, 447, 441, 447, 450, 444, 450, 465, 447, 459, 456, 441, 417, 414, 393, 378, 387, 363, 354, 342, 351, 375, 405, 417, 411, 423, 387, 384, 390, 417, 450, 447, 444, 429, 450, 465, 456, 474, 486, 495, 486, 504, 516, 531, 537, 552, 567, 564, 585, 588, 591, 603, 573, 564, 534, 540, 555, 552, 579, 570, 576, 549, 522, 519, 525, 528, 516, 501, 480, 474]","[398, 398, 398, 398, 398, 398, 398, 398, 398, 398, 398, 398, 398, 398, 398, 398, 398, 398, 398, 398, 398, 398, 398, 398, 398, 398, 398, 398, 398, 398, 398, 398, 398, 398, 398, 398, 398, 398, 398, 398, 398, 398, 398, 398, 398, 398, 398, 398, 398, 398, 398, 398, 398, 398, 398, 398, 398, 398, 398, 398, 398, 398, 398, 398, 398, 398, 398, 398, 398, 398, 398, 398, 398, 398, 398, 398, 398, 398, 398, 398, 398, 398, 398, 398, 398, 398, 398, 398, 398, 398, 398, 398, 398, 398, 398, 398, 398]",101.0038276298294,0.17258097489278235,6.517553369734482,0.19268792117198918,5.854812907187208
3,"[246, 264, 255, 254, 269, 260, 248, 254, 260, 269, 263, 260, 266, 260, 251, 263, 266, 254, 260, 257, 263, 254, 266, 254, 254, 248, 236, 233, 236, 248, 254, 236, 257, 261, 246, 258, 255, 255, 261, 249, 267, 252, 255, 267, 252, 246, 240, 246, 240, 252, 258, 261, 255, 261, 258, 249, 267, 273, 261, 261, 270, 291, 270, 270, 279, 273, 279, 261, 261, 255, 243, 249, 243, 243, 249, 258, 258, 264, 270, 273, 270, 264, 282, 267, 258, 268, 256, 250, 253, 250, 235, 223, 223, 214, 202, 199, 202, 202, 220]","[242, 253, 248, 249, 252, 256, 250, 250, 261, 259, 259, 260, 261, 251, 251, 259, 252, 246, 244, 233, 226, 221, 225, 223, 215, 210, 202, 193, 189, 196, 201, 191, 194, 188, 187, 177, 183, 187, 180, 186, 186, 176, 174, 183, 184, 186, 186, 188, 180, 190, 198, 197, 202, 204, 214, 210, 220, 228, 228, 227, 227, 237, 230, 233, 242, 239, 236, 249, 251, 235, 240, 250, 245, 246, 244, 243, 239, 238, 248, 241, 243, 245, 244, 238, 231, 240, 234, 231, 230, 230, 226, 221, 228, 222, 220, 220, 220, 212, 209]",39.876197300032395,0.1253935124595469,3.6305306586996733,0.13877911584480476,3.4860996896565615
4,"[105, 114, 123, 123, 123, 117, 99, 102, 102, 105, 105, 105, 108, 105, 93, 117, 105, 105, 102, 102, 96, 99, 117, 108, 117, 114, 117, 114, 108, 120, 138, 123, 126, 117, 114, 114, 126, 126, 120, 114, 105, 99, 96, 105, 105, 90, 81, 93, 90, 102, 102, 93, 84, 81, 84, 84, 93, 102, 102, 102, 117, 135, 126, 120, 138, 135, 144, 162, 168, 165, 158, 167, 161, 155, 155, 149, 134, 116, 126, 115, 104, 98, 98, 80, 80, 95, 96, 102, 108, 120, 114, 111, 117, 138, 143, 151, 159, 156, 144, 144, 150, 147, 138, 135, 126, 123, 129, 132, 129, 108, 105, 93, 78]","[117, 125, 120, 119, 118, 122, 122, 124, 135, 136, 135, 141, 143, 133, 127, 134, 125, 126, 121, 126, 118, 119, 127, 123, 115, 110, 114, 104, 101, 108, 111, 125, 126, 116, 105, 103, 108, 106, 109, 108, 100, 92, 89, 96, 92, 85, 88, 84, 75, 81, 83, 74, 71, 68, 69, 66, 75, 81, 74, 74, 78, 85, 82, 94, 99, 96, 96, 97, 99, 91, 97, 104, 99, 98, 98, 102, 96, 102, 108, 109, 105, 103, 104, 99, 99, 105, 97, 92, 93, 93, 86, 87, 94, 90, 91, 89, 90, 81, 80, 85, 81, 83, 81, 80, 75, 76, 80, 73, 67, 73, 72, 64, 69]",34.11887080682395,0.21840717476238417,3.386312277589765,0.24711625754263558,3.2954205167443114
5,"[33, 42, 42, 51, 51, 72, 90, 102, 111, 138, 138, 138, 141, 156, 156, 177, 186, 192, 183, 186, 204, 207, 222, 237, 228, 216, 222, 198, 219, 231, 228, 210, 207, 204, 210, 207, 240, 234, 216, 207, 210, 186, 180, 180, 180, 207, 183, 183, 189, 201, 213, 207, 192, 186, 168, 168, 183, 189, 177, 180, 177, 186, 183, 153, 165, 162, 174, 162, 183, 189, 201, 216, 216, 225, 210, 210, 210, 216, 231, 231, 225, 219, 219, 228, 216, 234, 207, 210, 192, 207, 201, 195, 213, 222, 231, 210, 204, 204, 222, 258, 267, 273, 267, 261, 261, 243, 246, 222, 225, 216, 216]","[156, 166, 162, 156, 144, 142, 140, 142, 152, 149, 146, 135, 127, 126, 122, 130, 128, 128, 122, 128, 128, 135, 146, 152, 154, 143, 142, 152, 146, 158, 165, 159, 158, 172, 169, 172, 186, 186, 178, 169, 171, 182, 175, 171, 162, 151, 146, 145, 131, 142, 152, 153, 152, 134, 134, 119, 129, 137, 138, 135, 124, 136, 150, 166, 170, 157, 140, 132, 141, 148, 146, 156, 153, 142, 138, 136, 135, 141, 152, 152, 152, 141, 148, 150, 157, 168, 175, 169, 157, 155, 162, 168, 179, 165, 161, 158, 161, 156, 154, 166, 165, 168, 155, 165, 159, 171, 183, 195, 180, 169, 175]",60.7554542837532,0.368457900241635,5.795941152920081,0.3309787718710549,4.798794343361535
6,"[69, 84, 75, 78, 99, 114, 132, 132, 144, 141, 159, 159, 177, 189, 183, 192, 189, 165, 177, 153, 156, 159, 168, 138, 141, 138, 123, 114, 114, 114, 114, 96, 111, 105, 90, 87, 87, 78, 66, 72, 78, 69, 66, 66, 57, 51, 57, 57, 48, 51, 63, 57, 57, 66, 66, 69, 78, 87, 78, 72, 87, 99, 108, 120, 132, 120, 132, 165, 165, 165, 168, 180, 174, 186, 177, 174, 162, 156, 177, 150, 129, 135, 162, 162, 168, 183, 156, 165, 174, 171, 204, 207, 216, 204, 207, 189, 183, 171, 159, 174, 162, 144, 144, 114, 108, 108, 117, 102, 93, 99, 99, 99, 90, 102, 102, 96]","[72, 81, 70, 72, 74, 80, 81, 83, 91, 86, 92, 95, 95, 94, 96, 105, 96, 100, 95, 93, 87, 84, 90, 92, 90, 92, 92, 87, 79, 80, 80, 92, 90, 86, 76, 69, 66, 56, 54, 45, 46, 42, 37, 37, 31, 39, 40, 44, 38, 46, 55, 50, 54, 56, 61, 67, 77, 87, 81, 87, 91, 100, 98, 100, 109, 101, 106, 111, 108, 102, 100, 109, 98, 104, 104, 104, 111, 109, 119, 115, 122, 123, 119, 112, 109, 119, 116, 113, 110, 107, 106, 108, 116, 104, 102, 118, 113, 109, 100, 105, 92, 84, 79, 92, 89, 82, 88, 72, 69, 65, 65, 66, 69, 73, 73, 75]",49.651023533569116,0.2912367874488292,4.3956967797093185,0.3550409557491692,4.026576729868072
7,"[183, 195, 189, 177, 174, 174, 162, 168, 183, 180, 177, 192, 192, 192, 201, 204, 201, 195, 192, 189, 174, 180, 192, 201, 201, 189, 183, 180, 192, 210, 225, 213, 228, 234, 228, 228, 234, 234, 225, 228, 225, 195, 201, 204, 204, 210, 213, 216, 216, 225, 234, 228, 222, 216, 210, 210, 228, 231, 225, 219, 216, 225, 210, 204, 213, 225, 228, 225, 219, 210, 207, 213, 210, 210, 207, 201, 186, 192, 213, 210, 207, 216, 216, 213, 222, 246, 249, 252, 252, 252, 240, 246, 267, 279, 288, 282, 285, 279, 288]","[221, 232, 226, 227, 231, 228, 219, 221, 232, 231, 228, 227, 220, 209, 211, 221, 220, 217, 219, 207, 197, 200, 210, 207, 203, 206, 195, 184, 183, 191, 196, 186, 192, 183, 172, 170, 177, 173, 166, 163, 157, 137, 138, 145, 139, 131, 137, 134, 123, 129, 136, 134, 129, 128, 122, 114, 119, 126, 125, 123, 121, 123, 124, 128, 135, 136, 130, 132, 129, 126, 128, 135, 136, 134, 137, 130, 125, 128, 135, 138, 137, 138, 135, 126, 128, 135, 128, 128, 131, 126, 125, 129, 136, 133, 133, 128, 121, 115, 117]",80.75977596638944,0.3178627744875989,9.908647368465097,0.3847468025636751,8.859485667429206
8,"[62, 77, 79, 71, 65, 60, 56, 51, 51, 50, 50, 44, 36, 27, 30, 36, 48, 45, 45, 42, 48, 60, 69, 78, 78, 90, 90, 90, 84, 90, 105, 105, 114, 117, 117, 123, 129, 111, 102, 114, 114, 123, 118, 124, 109, 91, 100, 103, 97, 97, 115, 115, 103, 106, 102, 105, 114, 123, 108, 90, 90, 96, 81, 66, 69, 54, 48, 51, 57, 48, 51, 51, 54, 48, 63, 69, 69, 66, 72, 72, 57, 57, 54, 66, 63, 66, 51, 42, 42, 51, 51, 39, 39, 51, 48, 36, 39, 36, 42, 51, 54, 45, 51, 59, 68, 65, 65, 80, 77, 89, 86, 92, 86, 89, 83, 75, 75]","[79, 84, 82, 76, 72, 70, 73, 72, 78, 77, 71, 66, 64, 68, 68, 74, 75, 70, 62, 63, 59, 56, 60, 56, 57, 53, 52, 53, 55, 60, 67, 67, 71, 78, 85, 87, 96, 95, 91, 95, 98, 101, 104, 107, 105, 103, 101, 92, 94, 86, 87, 89, 76, 75, 71, 71, 66, 64, 62, 59, 59, 61, 66, 63, 68, 71, 66, 61, 63, 66, 61, 66, 65, 59, 58, 59, 59, 60, 65, 68, 66, 60, 60, 59, 61, 64, 69, 60, 60, 59, 61, 61, 66, 64, 59, 61, 61, 65, 65, 71, 71, 69, 66, 67, 66, 71, 78, 82, 77, 76, 79, 81, 80, 84, 87, 82, 83]",21.934634830062823,0.28178897067168707,3.0996285038838227,0.2603691810822872,2.882266776621717
9,"[96, 108, 114, 132, 126, 116, 110, 116, 134, 131, 134, 140, 140, 134, 126, 132, 138, 123, 114, 120, 117, 105, 111, 108, 111, 93, 111, 105, 114, 120, 120, 111, 123, 135, 141, 147, 150, 135, 138, 138, 132, 123, 123, 135, 117, 111, 102, 98, 95, 104, 104, 80, 59, 65, 71, 71, 69, 90, 90, 84, 93, 105, 93, 102, 117, 111, 102, 105, 105, 93, 87, 99, 102, 90, 99, 96, 90, 102, 126, 129, 123, 120, 138, 126, 128, 131, 128, 116, 116, 122, 113, 92, 95, 99, 93, 111, 105, 96, 96, 102, 96, 105, 93, 105, 78, 84, 90, 87, 90, 108, 105, 102, 105, 120, 114, 114, 108, 108, 96, 93]","[54, 59, 60, 66, 69, 76, 65, 71, 77, 83, 91, 95, 92, 88, 93, 98, 99, 101, 100, 95, 90, 84, 96, 85, 85, 84, 83, 80, 74, 82, 94, 91, 84, 81, 78, 76, 78, 76, 74, 68, 62, 55, 58, 65, 59, 59, 54, 48, 41, 46, 46, 47, 43, 38, 34, 29, 34, 40, 41, 43, 44, 52, 46, 51, 61, 63, 69, 74, 65, 57, 63, 67, 70, 70, 70, 70, 65, 62, 69, 68, 70, 73, 69, 58, 62, 76, 79, 78, 78, 77, 70, 68, 80, 80, 80, 80, 81, 74, 73, 87, 83, 80, 77, 68, 61, 62, 52, 49, 49, 47, 45, 36, 40, 42, 41, 40, 41, 44, 39, 40]",46.11046518958576,0.3887990353884599,7.402038553394745,0.5013188030016703,5.901550675713703
10,"[82, 91, 90, 81, 69, 72, 75, 67, 79, 85, 85, 76, 79, 73, 85, 97, 88, 85, 75, 63, 57, 57, 60, 51, 57, 48, 42, 39, 36, 45, 39, 45, 42, 51, 57, 57, 63, 66, 63, 78, 75, 81, 78, 78, 69, 60, 54, 55, 52, 58, 43, 43, 41, 38, 38, 44, 47, 53, 43, 40, 37, 46, 43, 48, 45, 45, 48, 45, 48, 51, 48, 51, 42, 45, 36, 42, 42, 30, 30, 24, 33, 33, 33, 33, 33, 39, 36, 39, 39, 48, 45, 33, 36, 33, 45, 39, 36, 39, 36, 45, 39, 42, 45, 45, 42, 33, 39, 39, 39, 39, 36, 39, 45, 48, 48, 51, 54, 51]","[56, 51, 47, 44, 41, 48, 50, 59, 57, 61, 61, 56, 60, 59, 45, 44, 45, 45, 41, 41, 40, 36, 39, 41, 47, 48, 48, 44, 39, 42, 46, 45, 41, 45, 46, 48, 62, 61, 59, 49, 55, 54, 57, 61, 60, 52, 50, 48, 49, 52, 55, 47, 45, 39, 42, 39, 35, 34, 30, 27, 24, 28, 29, 24, 23, 24, 26, 22, 26, 26, 24, 23, 23, 24, 22, 27, 25, 27, 28, 27, 25, 22, 27, 27, 29, 28, 26, 26, 24, 28, 28, 29, 30, 24, 26, 26, 29, 29, 23, 25, 26, 29, 29, 32, 33, 37, 36, 31, 35, 32, 36, 39, 35, 36, 34, 34, 33, 34]",17.957341164407254,0.26645685723815676,2.571376668182973,0.321927941021933,2.4995915404413225
11,"[69, 79, 75, 73, 72, 82, 96, 105, 99, 87, 89, 92, 98, 95, 101, 104, 98, 92, 80, 74, 83, 81, 81, 69, 75, 63, 63, 60, 54, 60, 69, 69, 72, 78, 75, 72, 78, 84, 81, 84, 90, 90, 93, 90, 90, 87, 81, 78, 75, 81, 69, 72, 72, 69, 72, 78, 84, 90, 87, 78, 75, 81, 72, 66, 60, 60, 57, 51, 60, 69, 72, 90, 84, 90, 99, 111, 111, 102, 117, 102, 96, 93, 87, 87, 81, 72, 63, 69, 75, 63, 69, 75, 78, 72, 78, 72, 69, 78, 66, 63, 72, 84, 78, 87, 78, 75, 93, 99, 99, 96, 93, 84, 72, 78, 66, 78, 81, 71]","[64, 68, 66, 69, 64, 70, 69, 60, 68, 66, 69, 64, 67, 64, 61, 56, 58, 65, 63, 61, 61, 52, 55, 60, 59, 58, 62, 63, 67, 73, 63, 67, 63, 70, 70, 68, 74, 74, 70, 66, 67, 67, 64, 71, 72, 69, 67, 68, 64, 70, 65, 61, 62, 55, 58, 55, 58, 49, 50, 54, 51, 58, 61, 58, 60, 58, 61, 58, 59, 63, 57, 60, 58, 54, 51, 53, 55, 54, 59, 58, 56, 50, 61, 61, 54, 59, 60, 63, 61, 64, 63, 58, 66, 64, 67, 62, 61, 62, 62, 64, 61, 64, 64, 65, 64, 61, 62, 52, 60, 55, 58, 61, 59, 65, 69, 69, 63, 73]",23.509103898313413,0.21747756108885424,3.3331641565554038,0.255925218978262,3.29633410803425
12,"[82, 90, 96, 101, 100, 103, 106, 111, 113, 115, 126, 139, 136, 151, 154, 151, 154, 163, 169, 157, 157, 160, 160, 151, 145, 148, 159, 159, 153, 142, 142, 124, 128, 134, 146, 143, 140, 143, 134, 122, 134, 146, 148, 130, 112, 112, 115, 114, 120, 132, 140, 131, 119, 119, 122, 128, 134, 143, 143, 137, 132, 147, 156, 165, 159, 156, 147, 144, 138, 135, 138, 135, 126, 129, 126, 129, 117, 114, 123, 117, 114, 99, 108, 111, 117, 114, 111, 126, 129, 132, 138, 132, 132, 132, 136, 133, 130, 130, 136, 148, 139, 136, 133, 145, 148, 136, 139, 142, 139, 145, 145]","[123, 127, 130, 132, 128, 129, 126, 125, 126, 128, 128, 128, 125, 130, 125, 128, 138, 139, 140, 137, 133, 132, 135, 134, 138, 132, 132, 130, 131, 132, 139, 137, 136, 136, 138, 136, 137, 145, 140, 132, 130, 129, 119, 116, 110, 107, 102, 99, 101, 99, 96, 92, 88, 82, 76, 74, 76, 80, 84, 80, 81, 81, 80, 79, 85, 84, 81, 79, 76, 76, 73, 79, 77, 81, 79, 78, 76, 79, 82, 88, 91, 81, 83, 83, 91, 91, 91, 98, 96, 95, 88, 93, 94, 90, 93, 91, 90, 88, 88, 95, 97, 98, 96, 95, 91, 93, 98, 99, 97, 96, 99]",38.254953162191185,0.24893177276967526,7.045022352327139,0.29009946888592664,6.272878409726453
13,"[60, 69, 63, 72, 72, 78, 81, 90, 93, 93, 81, 81, 78, 78, 72, 75, 66, 60, 54, 48, 37, 49, 55, 55, 55, 49, 52, 64, 64, 61, 61, 64, 70, 78, 63, 57, 57, 48, 51, 45, 33, 39, 39, 39, 39, 36, 27, 27, 27, 39, 45, 42, 42, 48, 42, 48, 57, 60, 57, 54, 57, 63, 54, 48, 60, 57, 54, 57, 60, 57, 51, 69, 69, 69, 69, 66, 78, 72, 90, 84, 78, 72, 72, 81, 69, 75, 72, 69, 72, 63, 63, 45, 48, 48, 45, 42, 33, 30, 30, 33, 30, 27, 33, 27, 27, 33, 36, 36, 36, 39, 48, 48, 57, 69, 69, 66]","[64, 68, 60, 59, 58, 56, 57, 57, 62, 58, 60, 59, 58, 60, 60, 66, 64, 60, 57, 52, 59, 56, 62, 57, 57, 55, 53, 55, 55, 59, 58, 57, 61, 57, 61, 57, 56, 50, 48, 45, 44, 41, 40, 41, 36, 40, 43, 45, 43, 48, 54, 51, 53, 55, 63, 63, 67, 70, 64, 64, 61, 67, 69, 68, 70, 63, 64, 62, 59, 60, 59, 64, 59, 59, 59, 59, 63, 64, 69, 63, 64, 65, 65, 66, 71, 79, 70, 69, 66, 66, 65, 70, 74, 66, 65, 61, 59, 59, 59, 64, 60, 56, 54, 55, 58, 60, 66, 59, 61, 61, 61, 64, 64, 70, 70, 69]",15.242861528801175,0.2573725255283593,2.320512141163379,0.21789316001616937,2.2621805163153628
14,"[116, 127, 125, 127, 123, 117, 132, 141, 153, 168, 162, 154, 145, 145, 148, 148, 149, 147, 145, 139, 139, 145, 151, 151, 136, 136, 121, 124, 135, 150, 159, 156, 156, 147, 150, 150, 160, 154, 148, 142, 121, 127, 121, 118, 109, 103, 103, 91, 100, 118, 118, 115, 118, 115, 112, 115, 127, 130, 133, 145, 154, 154, 145, 139, 145, 136, 127, 142, 136, 124, 123, 126, 120, 108, 108, 93, 90, 87, 87, 96, 93, 99, 93, 87, 87, 93, 105, 108, 123, 120, 126, 135, 141, 132, 132, 141, 129, 138, 147, 153, 150, 150, 165, 153, 150, 153, 162, 162, 156, 159, 153, 159]","[70, 77, 78, 79, 79, 75, 78, 79, 85, 83, 86, 85, 89, 80, 87, 91, 90, 87, 90, 88, 85, 85, 88, 95, 86, 80, 77, 79, 82, 85, 84, 90, 86, 77, 77, 76, 80, 81, 89, 82, 94, 93, 88, 86, 82, 86, 81, 79, 79, 84, 90, 87, 87, 82, 74, 75, 78, 84, 85, 84, 82, 82, 84, 85, 89, 79, 94, 87, 81, 87, 84, 89, 89, 89, 90, 86, 86, 88, 93, 94, 95, 92, 84, 83, 91, 97, 99, 97, 94, 85, 84, 82, 89, 93, 89, 89, 82, 86, 84, 92, 86, 92, 88, 79, 81, 85, 91, 89, 92, 91, 83, 81]",51.437288447751044,0.3352251575045149,8.619857533177205,0.41613679796261316,7.307120964820128
15,"[111, 129, 111, 105, 114, 120, 132, 150, 177, 195, 189, 198, 201, 237, 258, 291, 297, 282, 273, 270, 246, 234, 255, 264, 249, 207, 195, 180, 153, 156, 153, 117, 117, 114, 96, 72, 72, 60, 42, 30, 36, 42, 39, 45, 42, 30, 30, 33, 42, 42, 42, 57, 51, 51, 60, 63, 84, 105, 123, 120, 135, 180, 189, 177, 183, 210, 201, 213, 192, 186, 171, 186, 192, 147, 147, 144, 144, 114, 114, 93, 93, 78, 75, 78, 57, 72, 93, 87, 99, 135, 138, 162, 171, 177, 174, 183, 183, 177, 159, 165, 153, 111, 114, 99, 99, 96, 102, 84, 75, 66, 54, 51, 54, 60, 69, 60, 60]","[43, 51, 70, 68, 71, 69, 69, 68, 75, 84, 80, 81, 83, 87, 84, 92, 95, 93, 92, 92, 79, 82, 92, 94, 91, 103, 97, 73, 85, 87, 83, 99, 78, 64, 50, 49, 49, 50, 40, 40, 34, 18, 1, 1, 0, 1, 4, 7, 9, 9, 13, 17, 21, 21, 23, 41, 49, 57, 58, 56, 56, 63, 63, 70, 78, 83, 92, 97, 90, 94, 96, 104, 123, 123, 122, 113, 88, 81, 85, 101, 84, 93, 80, 100, 87, 89, 88, 82, 79, 81, 89, 82, 90, 81, 72, 73, 71, 75, 69, 73, 85, 87, 80, 72, 60, 43, 47, 52, 42, 41, 37, 37, 36, 39, 42, 40, 40]",82.31407435916921,0.47590685023028556,9.098339719029374,0.6691774628128273,8.059492920570236
16,"[42, 48, 45, 45, 42, 33, 33, 36, 39, 39, 36, 48, 48, 48, 51, 60, 57, 63, 63, 63, 60, 54, 60, 57, 63, 63, 69, 66, 69, 69, 69, 60, 63, 66, 87, 87, 87, 78, 105, 126, 153, 153, 180, 192, 186, 204, 207, 216, 219, 234, 246, 243, 251, 253, 238, 232, 244, 253, 223, 205, 184, 190, 157, 148, 157, 139, 133, 121, 124, 115, 109, 109, 98, 99, 90, 93, 81, 81, 108, 105, 135, 150, 153, 162, 162, 162, 159, 156, 147, 147, 141, 144, 147, 138, 141, 144, 153, 150, 132, 138, 102, 81, 78, 69, 63, 63, 69, 69, 66]","[101, 105, 97, 98, 98, 100, 98, 98, 103, 96, 91, 92, 88, 89, 89, 94, 87, 89, 89, 88, 91, 89, 92, 87, 83, 86, 88, 90, 88, 88, 87, 83, 85, 85, 88, 86, 85, 79, 81, 86, 88, 88, 92, 100, 98, 99, 102, 102, 105, 113, 120, 118, 121, 123, 123, 126, 133, 138, 131, 133, 132, 135, 131, 127, 127, 123, 127, 124, 124, 124, 124, 131, 123, 122, 122, 124, 125, 125, 131, 124, 125, 126, 129, 131, 132, 136, 126, 127, 128, 125, 126, 124, 130, 123, 121, 122, 125, 126, 124, 129, 123, 127, 118, 121, 120, 118, 124, 118, 122]",55.201715170800306,0.46922828141892237,7.190402531825617,0.3940885225859987,6.655882859245228
17,"[177, 189, 183, 183, 183, 180, 180, 183, 183, 177, 177, 177, 180, 183, 171, 171, 165, 150, 150, 150, 150, 138, 141, 144, 132, 126, 129, 108, 93, 93, 93, 102, 102, 93, 93, 90, 93, 87, 90, 81, 90, 105, 102, 111, 105, 99, 99, 102, 105, 111, 117, 120, 120, 117, 120, 129, 135, 147, 147, 147, 144, 150, 150, 141, 144, 147, 147, 147, 147, 159, 162, 162, 156, 135, 135, 135, 132, 129, 141, 144, 147, 141, 147, 144, 150, 153, 147, 135, 129, 123, 114, 117, 120, 114, 120, 120, 126]","[117, 122, 125, 123, 122, 124, 121, 122, 126, 127, 127, 123, 120, 120, 119, 123, 122, 119, 114, 114, 116, 121, 122, 121, 118, 108, 106, 112, 110, 111, 110, 107, 109, 106, 104, 97, 99, 98, 97, 98, 93, 92, 92, 96, 99, 100, 96, 98, 98, 102, 105, 105, 99, 93, 93, 96, 101, 106, 110, 110, 106, 111, 112, 115, 120, 118, 121, 118, 114, 117, 117, 121, 122, 127, 121, 119, 120, 121, 123, 123, 116, 110, 110, 111, 113, 117, 117, 119, 113, 115, 113, 112, 115, 113, 111, 109, 107]",31.995328267230438,0.17940277589634707,5.0385214986170475,0.2007285099411107,4.311466993228119
18,"[134, 140, 133, 137, 129, 136, 140, 139, 142, 136, 138, 130, 138, 141, 152, 161, 155, 171, 174, 159, 144, 138, 153, 150, 154, 145, 153, 156, 168, 168, 161, 166, 157, 166, 154, 145, 145, 127, 128, 131, 134, 134, 134, 140, 131, 131, 116, 110, 104, 110, 122, 112, 118, 112, 112, 115, 124, 130, 120, 114, 114, 120, 117, 120, 132, 129, 138, 135, 126, 123, 117, 120, 111, 117, 117, 126, 123, 120, 132, 132, 132, 129, 126, 111, 111, 132, 123, 132, 132, 132, 135, 135, 138, 123, 126, 120, 117, 111, 114, 126, 117, 135, 135, 156, 150, 141, 144, 135, 141]","[112, 115, 111, 108, 111, 113, 114, 110, 117, 113, 111, 114, 114, 115, 112, 119, 117, 117, 117, 121, 120, 116, 120, 114, 116, 117, 114, 115, 116, 110, 105, 101, 100, 98, 100, 92, 92, 87, 81, 82, 78, 70, 72, 78, 70, 71, 72, 70, 70, 68, 72, 69, 70, 73, 76, 77, 77, 75, 70, 74, 72, 75, 74, 73, 76, 67, 61, 65, 68, 70, 73, 78, 73, 75, 74, 74, 77, 77, 81, 70, 72, 76, 78, 78, 80, 84, 71, 76, 73, 73, 78, 79, 84, 75, 76, 74, 71, 76, 79, 84, 77, 78, 81, 84, 84, 86, 91, 85, 84]",47.45698196909153,0.34433044533342066,8.289845167056598,0.4235972754246247,6.59487176072722
19,"[42, 45, 39, 51, 42, 42, 33, 36, 42, 45, 42, 48, 48, 51, 54, 60, 57, 63, 54, 54, 48, 36, 48, 39, 42, 48, 45, 48, 48, 60, 66, 54, 54, 45, 39, 36, 36, 37, 33, 31, 34, 32, 35, 38, 35, 35, 31, 23, 19, 22, 21, 21, 18, 15, 18, 21, 36, 48, 42, 42, 48, 51, 51, 54, 51, 39, 30, 33, 39, 30, 39, 48, 42, 45, 42, 48, 42, 36, 39, 36, 30, 27, 27, 27, 24, 30, 36, 36, 27, 30, 33, 36, 39, 33, 30, 33, 36, 39, 33, 30, 27, 24, 24, 24, 18, 12, 12, 18, 21, 18, 21, 21, 18, 24, 33, 33, 30, 36, 36, 36]","[33, 34, 29, 34, 35, 33, 29, 29, 26, 28, 29, 31, 39, 32, 30, 34, 33, 34, 38, 36, 39, 42, 43, 30, 34, 32, 28, 21, 18, 22, 24, 30, 39, 38, 38, 38, 42, 39, 45, 46, 38, 33, 30, 34, 35, 36, 37, 38, 40, 44, 45, 43, 38, 32, 31, 27, 25, 21, 19, 15, 12, 13, 8, 7, 12, 14, 6, 8, 7, 5, 6, 8, 10, 9, 11, 13, 13, 11, 14, 21, 21, 21, 20, 18, 21, 23, 17, 19, 16, 15, 13, 13, 14, 14, 14, 8, 15, 11, 15, 21, 20, 21, 21, 21, 22, 21, 26, 25, 23, 25, 28, 25, 27, 33, 32, 32, 32, 30, 25, 25]",19.52220957439671,0.44396971769549354,3.4040619765494142,0.5495263028188911,3.1454430664015165
20,"[244, 259, 247, 241, 241, 250, 247, 253, 259, 258, 264, 255, 258, 240, 234, 237, 234, 243, 237, 216, 216, 213, 219, 216, 219, 213, 195, 180, 162, 174, 180, 165, 180, 177, 171, 171, 177, 177, 180, 192, 180, 174, 171, 189, 189, 201, 207, 207, 201, 207, 225, 225, 231, 237, 234, 228, 231, 241, 253, 256, 256, 277, 262, 264, 276, 279, 273, 273, 285, 264, 273, 285, 294, 294, 306, 300, 288, 279, 292, 304, 295, 295, 289, 277, 271, 274, 277, 288, 279, 273, 267, 246, 249, 250, 244, 241, 247, 241, 229]","[180, 184, 178, 180, 181, 180, 179, 175, 176, 180, 181, 181, 181, 184, 186, 190, 189, 189, 187, 189, 188, 187, 183, 183, 185, 184, 182, 175, 177, 174, 170, 163, 168, 168, 162, 155, 154, 152, 151, 146, 150, 145, 141, 145, 144, 144, 141, 143, 138, 141, 142, 140, 140, 139, 139, 132, 138, 143, 142, 148, 149, 156, 155, 152, 158, 158, 159, 158, 163, 165, 161, 166, 162, 172, 171, 175, 173, 170, 175, 175, 179, 175, 180, 173, 172, 173, 173, 172, 170, 173, 168, 172, 177, 177, 177, 178, 180, 175, 167]",81.41048253552283,0.28804677374150484,14.10441836983392,0.3478243886303364,12.173365471465742
21,"[203, 209, 194, 185, 191, 188, 191, 179, 193, 184, 166, 178, 166, 160, 148, 157, 149, 146, 131, 128, 128, 131, 140, 131, 125, 116, 107, 113, 105, 105, 105, 96, 108, 111, 111, 102, 102, 93, 90, 78, 75, 66, 63, 66, 63, 69, 84, 81, 81, 87, 93, 90, 99, 105, 105, 117, 132, 136, 136, 157, 166, 181, 184, 181, 181, 172, 157, 160, 172, 181, 184, 190, 169, 169, 178, 172, 160, 159, 177, 156, 162, 153, 150, 159, 171, 186, 186, 183, 171, 174, 174, 174, 183, 171, 162, 168, 165, 168, 159, 168, 150, 147, 144, 150, 159, 159, 165, 156, 156]","[99, 105, 101, 102, 104, 105, 108, 106, 110, 108, 104, 105, 99, 98, 102, 103, 101, 100, 102, 100, 100, 99, 102, 96, 94, 93, 87, 86, 84, 83, 79, 78, 81, 76, 75, 74, 72, 66, 66, 69, 67, 63, 60, 64, 60, 62, 61, 63, 63, 68, 73, 69, 73, 74, 74, 74, 78, 79, 75, 76, 78, 81, 86, 82, 86, 81, 88, 85, 84, 84, 86, 90, 90, 88, 87, 83, 84, 84, 89, 91, 90, 88, 85, 84, 84, 88, 83, 85, 86, 81, 79, 80, 83, 79, 85, 83, 78, 78, 79, 81, 75, 74, 79, 75, 77, 76, 80, 71, 70]",68.11505377270663,0.3879287368713035,12.928290346777452,0.49961914277167196,10.789905873057773
22,"[99, 102, 102, 87, 81, 69, 72, 66, 75, 90, 90, 84, 81, 90, 91, 103, 106, 109, 97, 97, 88, 73, 82, 73, 61, 58, 51, 39, 30, 27, 27, 24, 27, 30, 24, 27, 27, 18, 15, 18, 24, 27, 33, 30, 27, 24, 21, 21, 24, 24, 24, 33, 27, 24, 18, 18, 24, 36, 42, 39, 36, 45, 45, 39, 43, 49, 49, 58, 64, 58, 67, 70, 76, 67, 76, 76, 72, 66, 69, 69, 60, 60, 45, 44, 44, 50, 56, 50, 53, 56, 62, 53, 56, 53, 53, 54, 63, 66, 54, 54, 51, 48, 45, 45, 39, 39, 39, 36, 21, 18, 15, 15, 21, 24, 18, 18, 18]","[34, 38, 38, 38, 41, 41, 42, 46, 48, 55, 55, 57, 62, 53, 50, 56, 48, 48, 42, 39, 34, 34, 39, 38, 34, 39, 37, 35, 38, 38, 41, 40, 45, 47, 48, 48, 50, 43, 38, 42, 45, 48, 46, 47, 45, 40, 38, 32, 29, 33, 36, 28, 23, 18, 12, 6, 4, 3, 4, 4, 6, 8, 10, 18, 19, 20, 20, 23, 21, 24, 24, 26, 27, 25, 27, 26, 25, 23, 23, 19, 16, 16, 12, 11, 10, 11, 10, 8, 11, 12, 13, 19, 17, 15, 17, 20, 19, 20, 23, 24, 23, 21, 25, 23, 21, 18, 18, 16, 10, 10, 7, 6, 4, 4, 3, 3, 5]",33.41285386522384,0.6147736916227259,7.62151728768043,0.8086563116424559,6.395131894343548
23,"[54, 51, 45, 56, 53, 50, 53, 48, 57, 63, 72, 63, 63, 63, 54, 51, 45, 42, 39, 45, 51, 48, 51, 57, 54, 57, 53, 49, 37, 46, 49, 43, 58, 46, 38, 45, 51, 54, 54, 54, 45, 45, 57, 48, 48, 42, 36, 39, 33, 36, 33, 33, 33, 27, 33, 36, 42, 39, 33, 33, 30, 42, 42, 39, 33, 45, 45, 51, 54, 51, 45, 48, 57, 49, 52, 46, 46, 37, 46, 43, 43, 39, 42, 39, 33, 36, 27, 24, 21, 21, 24, 30, 33, 45, 51, 54, 51, 66, 54, 45, 45, 36, 30, 30, 30, 15, 18, 21, 18, 12, 21, 18, 15, 18, 27, 24, 27, 27, 18, 21, 21]","[34, 61, 66, 65, 67, 70, 76, 76, 35, 34, 39, 38, 49, 49, 54, 60, 64, 65, 66, 69, 73, 57, 31, 25, 23, 23, 30, 37, 36, 27, 29, 30, 27, 31, 30, 29, 35, 36, 37, 33, 39, 36, 36, 50, 46, 57, 59, 41, 40, 35, 46, 35, 38, 32, 22, 23, 20, 25, 23, 27, 26, 29, 34, 31, 44, 31, 32, 31, 33, 35, 30, 55, 32, 34, 34, 38, 37, 33, 39, 38, 41, 36, 44, 46, 43, 33, 32, 34, 39, 28, 34, 32, 32, 32, 30, 29, 27, 31, 31, 42, 44, 46, 45, 56, 60, 61, 39, 37, 40, 39, 30, 34, 28, 31, 31, 32, 25, 25, 29, 28, 34]",16.965692168131593,0.3866518090597684,3.0294823472457555,0.359170167978724,2.806324273505897
24,"[42, 42, 48, 66, 69, 69, 78, 63, 69, 78, 72, 72, 75, 90, 78, 84, 81, 69, 69, 60, 63, 51, 48, 48, 48, 69, 72, 69, 54, 51, 51, 57, 51, 30, 27, 21, 30, 30, 33, 27, 33, 33, 33, 42, 39, 36, 45, 39, 33, 33, 42, 42, 45, 45, 45, 42, 42, 72, 72, 66, 63, 87, 75, 78, 87, 72, 75, 78, 81, 78, 78, 84, 81, 81, 72, 72, 78, 60, 60, 63, 60, 54, 54, 51, 42, 57, 66, 69, 72, 72, 78, 84, 78, 69, 69, 63, 66, 78, 66, 72, 75, 78, 72, 69, 72, 51, 60, 45, 48, 39, 36, 42, 30, 30, 24, 24, 21, 18, 21, 12, 18]","[18, 23, 23, 19, 21, 24, 28, 33, 43, 46, 48, 57, 59, 56, 50, 57, 56, 56, 54, 56, 60, 52, 52, 53, 49, 38, 34, 37, 38, 43, 41, 41, 44, 44, 41, 33, 31, 20, 16, 10, 8, 5, 2, 2, 0, 0, 0, 0, 0, 0, 3, 7, 10, 8, 14, 17, 17, 19, 20, 19, 21, 26, 33, 32, 38, 50, 57, 59, 55, 60, 52, 51, 50, 53, 53, 48, 54, 55, 59, 57, 53, 58, 57, 56, 52, 57, 50, 51, 50, 49, 50, 46, 52, 60, 61, 58, 58, 59, 56, 64, 48, 47, 46, 43, 42, 41, 37, 31, 26, 19, 18, 17, 15, 17, 19, 16, 16, 15, 14, 15, 17]",26.161766311335434,0.40526405216731987,3.4319873486052295,0.5814788914552256,2.911332567080218
25,"[224, 227, 224, 236, 236, 242, 242, 245, 249, 246, 243, 240, 237, 234, 225, 240, 231, 219, 216, 222, 222, 225, 225, 225, 219, 225, 222, 210, 207, 204, 213, 208, 205, 214, 226, 226, 226, 226, 229, 220, 214, 220, 217, 220, 208, 214, 211, 202, 202, 202, 211, 205, 205, 196, 193, 193, 196, 190, 184, 199, 187, 193, 181, 180, 177, 168, 153, 138, 141, 138, 129, 129, 138, 141, 141, 132, 138, 141, 144, 147, 147, 159, 153, 147, 144, 144, 147, 153, 153, 155, 156, 144, 150, 150, 156, 153, 162]","[172, 174, 174, 175, 177, 180, 179, 179, 176, 176, 177, 180, 185, 181, 192, 185, 188, 194, 197, 203, 208, 213, 219, 220, 226, 231, 236, 231, 225, 225, 223, 226, 224, 224, 220, 213, 212, 210, 208, 202, 203, 186, 184, 182, 182, 170, 168, 167, 161, 153, 147, 140, 137, 131, 134, 122, 112, 107, 107, 111, 111, 115, 113, 113, 115, 118, 112, 119, 122, 123, 119, 118, 127, 130, 129, 132, 129, 128, 129, 128, 130, 131, 133, 132, 128, 129, 131, 132, 132, 142, 141, 139, 133, 132, 138, 138, 143]",41.38354670813426,0.17051017693219725,8.410122941688778,0.1946631829607353,7.759235663609295
26,"[99, 120, 120, 117, 126, 129, 129, 123, 138, 150, 138, 126, 135, 135, 138, 141, 144, 147, 141, 141, 126, 120, 123, 126, 123, 123, 126, 111, 108, 108, 108, 96, 96, 93, 99, 96, 99, 96, 81, 78, 81, 78, 66, 75, 78, 69, 90, 90, 99, 102, 105, 108, 99, 108, 111, 123, 132, 147, 153, 150, 156, 168, 168, 180, 180, 177, 165, 165, 165, 168, 159, 171, 153, 150, 129, 120, 105, 96, 96, 90, 78, 69, 48, 57, 48, 54, 48, 45, 51, 51, 45, 45, 48, 48, 48, 48, 54, 57, 57, 63, 78, 78, 72, 69, 66, 63, 66, 60, 60, 54]","[67, 71, 74, 71, 73, 73, 75, 77, 81, 76, 75, 81, 77, 73, 76, 81, 78, 74, 76, 81, 81, 77, 83, 79, 76, 77, 73, 70, 76, 79, 70, 69, 71, 69, 63, 58, 57, 54, 53, 52, 50, 50, 57, 54, 51, 52, 50, 57, 57, 61, 64, 65, 69, 71, 76, 77, 85, 90, 85, 83, 85, 89, 93, 92, 97, 107, 102, 106, 105, 102, 103, 108, 109, 101, 106, 104, 105, 103, 111, 102, 100, 101, 105, 109, 109, 112, 109, 106, 107, 101, 105, 99, 105, 91, 93, 88, 84, 80, 79, 76, 71, 66, 75, 73, 72, 67, 71, 73, 68, 67]",46.53864474332546,0.4347624858399886,8.129434080467773,0.4426482369290412,6.7035160485084475
27,"[65, 74, 81, 80, 73, 75, 79, 82, 85, 91, 91, 82, 85, 73, 78, 84, 99, 105, 96, 93, 96, 87, 96, 87, 84, 75, 78, 78, 78, 90, 108, 102, 102, 108, 114, 120, 126, 126, 105, 90, 87, 84, 84, 93, 78, 69, 63, 72, 84, 93, 93, 96, 93, 78, 90, 90, 108, 114, 120, 105, 96, 108, 102, 102, 105, 87, 93, 75, 69, 60, 60, 63, 69, 75, 63, 66, 66, 78, 81, 84, 84, 78, 93, 78, 75, 81, 81, 81, 63, 63, 69, 69, 78, 72, 69, 60, 57, 57, 66, 72, 78, 75, 63, 54, 48, 48, 54, 54, 60, 48, 42, 36, 30, 30, 36, 42, 42, 48]","[56, 63, 62, 60, 57, 56, 56, 58, 65, 62, 60, 60, 61, 57, 57, 61, 61, 61, 59, 54, 53, 49, 53, 51, 51, 48, 50, 48, 53, 56, 63, 62, 57, 55, 63, 55, 61, 62, 54, 48, 49, 48, 47, 51, 52, 47, 40, 41, 43, 48, 48, 48, 43, 41, 40, 35, 40, 48, 45, 48, 41, 47, 47, 56, 62, 57, 58, 52, 46, 52, 54, 48, 47, 44, 45, 42, 42, 43, 49, 54, 51, 46, 50, 52, 54, 60, 59, 57, 53, 58, 58, 58, 60, 63, 59, 50, 50, 50, 53, 58, 54, 52, 49, 48, 49, 52, 57, 50, 48, 46, 45, 48, 50, 56, 54, 53, 48, 49]",33.38374718738426,0.340480875765174,5.210062725210196,0.4164737869606734,4.617249586408492
28,"[125, 143, 155, 161, 151, 162, 163, 163, 169, 172, 171, 161, 161, 153, 148, 148, 151, 137, 128, 119, 110, 101, 119, 113, 122, 116, 122, 115, 123, 144, 145, 145, 145, 154, 159, 164, 161, 158, 149, 143, 140, 128, 113, 113, 116, 121, 106, 103, 100, 109, 115, 115, 122, 110, 110, 116, 116, 125, 125, 143, 140, 149, 149, 150, 150, 144, 150, 141, 141, 141, 126, 126, 126, 123, 123, 117, 108, 96, 105, 105, 105, 96, 105, 99, 87, 108, 117, 129, 129, 132, 135, 135, 135, 138, 144, 138, 132, 126, 114, 117, 114, 117, 117, 114, 102, 93, 105, 108, 120, 111, 126]","[94, 103, 103, 103, 101, 99, 95, 91, 99, 97, 93, 89, 85, 82, 77, 85, 92, 93, 92, 91, 84, 84, 106, 98, 99, 94, 94, 96, 95, 101, 98, 92, 102, 101, 97, 97, 101, 101, 93, 87, 96, 85, 79, 98, 94, 90, 86, 91, 88, 97, 94, 90, 89, 81, 73, 67, 72, 77, 81, 84, 80, 84, 85, 85, 90, 85, 84, 81, 81, 83, 79, 85, 80, 80, 78, 78, 82, 74, 84, 80, 85, 86, 86, 84, 83, 80, 81, 82, 81, 81, 84, 78, 84, 88, 88, 83, 85, 84, 86, 95, 95, 95, 92, 101, 99, 88, 99, 100, 98, 95, 102]",44.789899923254296,0.297076449289766,7.453136713355692,0.3593132736159515,6.429036814779973
29,"[108, 108, 114, 102, 99, 87, 93, 93, 102, 114, 105, 99, 87, 99, 93, 99, 99, 108, 99, 99, 96, 93, 96, 99, 93, 90, 84, 78, 84, 84, 84, 63, 63, 69, 75, 72, 72, 75, 69, 66, 81, 81, 90, 90, 102, 105, 99, 108, 111, 120, 138, 129, 129, 120, 129, 132, 138, 144, 135, 144, 132, 138, 126, 123, 132, 126, 129, 120, 105, 105, 96, 99, 96, 96, 90, 87, 84, 75, 81, 87, 87, 78, 72, 69, 66, 72, 69, 75, 75, 72, 69, 69, 75, 78, 78, 72, 66, 57, 63, 72, 72, 72, 66, 69, 75, 72, 75, 84, 81, 75, 81]","[106, 113, 113, 110, 108, 108, 109, 110, 114, 109, 107, 102, 99, 98, 94, 101, 101, 100, 97, 101, 99, 98, 103, 101, 97, 98, 99, 100, 102, 107, 112, 103, 106, 107, 109, 108, 116, 116, 109, 107, 111, 112, 115, 113, 112, 111, 109, 113, 110, 116, 125, 123, 119, 115, 119, 119, 126, 132, 129, 126, 120, 131, 132, 130, 134, 133, 134, 128, 128, 128, 126, 133, 128, 128, 122, 123, 123, 122, 131, 129, 128, 121, 122, 122, 122, 129, 130, 130, 126, 128, 126, 125, 133, 132, 130, 124, 125, 123, 122, 127, 129, 128, 122, 122, 123, 122, 127, 128, 127, 119, 120]",33.722636554934674,0.34688962619363944,4.651776734057376,0.2689510154034711,4.514413669274927
30,"[81, 81, 69, 69, 75, 78, 84, 84, 93, 84, 81, 81, 84, 90, 75, 81, 87, 96, 102, 108, 108, 105, 111, 105, 108, 120, 120, 120, 114, 108, 114, 111, 111, 102, 96, 99, 102, 108, 99, 99, 87, 84, 81, 75, 78, 69, 66, 69, 69, 72, 75, 66, 57, 51, 66, 63, 75, 72, 81, 84, 84, 93, 87, 84, 84, 90, 90, 108, 114, 111, 99, 102, 90, 90, 87, 90, 89, 83, 86, 89, 86, 80, 77, 56, 53, 56, 53, 50, 59, 68, 62, 59, 57, 57, 57, 57, 63, 60, 69, 81, 84, 81, 87, 96, 87, 78, 81, 81, 84, 87, 90, 84, 75]","[41, 44, 45, 38, 38, 40, 37, 40, 44, 45, 44, 39, 40, 45, 54, 57, 44, 40, 38, 41, 48, 36, 33, 30, 35, 33, 34, 31, 30, 39, 38, 35, 47, 81, 72, 88, 99, 75, 68, 75, 77, 80, 77, 77, 39, 39, 37, 39, 33, 31, 33, 40, 42, 40, 41, 34, 31, 35, 28, 21, 19, 22, 30, 28, 28, 26, 25, 27, 37, 48, 78, 47, 54, 48, 47, 48, 45, 42, 44, 35, 35, 37, 38, 60, 49, 50, 44, 39, 39, 44, 36, 35, 36, 28, 27, 42, 42, 39, 25, 28, 31, 35, 31, 32, 38, 51, 53, 45, 35, 34, 37, 39, 36]",46.60025826963259,0.4773093851944649,8.501069157917659,0.6641535494937689,6.935820875404978
31,"[48, 57, 51, 63, 63, 72, 66, 63, 69, 66, 69, 66, 69, 78, 72, 75, 57, 54, 45, 48, 60, 60, 72, 66, 63, 60, 54, 54, 57, 60, 60, 66, 75, 60, 54, 39, 39, 39, 57, 75, 78, 72, 69, 69, 60, 48, 57, 63, 63, 63, 75, 57, 54, 54, 60, 63, 69, 81, 78, 69, 66, 69, 75, 72, 84, 66, 66, 63, 66, 66, 57, 63, 63, 75, 84, 84, 87, 87, 105, 99, 102, 111, 108, 111, 117, 117, 102, 99, 102, 93, 96, 87, 102, 96, 87, 87, 84, 81, 87, 96, 90, 81, 78, 66, 57, 42, 48, 42, 51, 48, 45, 39, 33, 33, 33, 39]","[60, 66, 60, 60, 61, 60, 67, 66, 68, 61, 62, 64, 64, 61, 62, 68, 61, 55, 55, 51, 53, 52, 64, 53, 53, 54, 52, 52, 50, 48, 45, 49, 58, 55, 54, 54, 54, 44, 43, 44, 42, 42, 41, 42, 39, 44, 45, 48, 47, 52, 58, 48, 44, 54, 56, 60, 65, 70, 66, 62, 63, 71, 69, 73, 70, 63, 64, 65, 67, 65, 72, 78, 59, 64, 71, 69, 73, 74, 76, 71, 71, 71, 72, 71, 70, 77, 68, 66, 66, 73, 67, 70, 73, 67, 68, 67, 65, 71, 61, 66, 61, 58, 61, 64, 60, 63, 70, 65, 66, 65, 66, 67, 63, 70, 62, 61]",18.692843919347943,0.2211482970916793,2.6142301162178967,0.2254984124062337,2.604909006916611
32,"[102, 111, 117, 113, 116, 110, 104, 104, 110, 116, 98, 86, 89, 101, 92, 102, 108, 102, 99, 105, 96, 87, 90, 87, 81, 72, 72, 72, 63, 63, 69, 54, 66, 69, 75, 87, 87, 75, 66, 57, 63, 75, 84, 87, 75, 66, 69, 60, 72, 72, 87, 87, 78, 72, 63, 66, 75, 87, 79, 73, 61, 76, 70, 73, 76, 79, 73, 76, 76, 64, 63, 72, 84, 75, 75, 75, 81, 84, 84, 84, 75, 84, 81, 87, 81, 78, 75, 69, 69, 60, 75, 69, 75, 66, 66, 66, 63, 72, 81, 90, 87, 87, 78, 84, 96, 105, 114, 105, 102, 96, 87, 81, 87, 99, 99, 90, 75]","[91, 104, 99, 93, 83, 82, 80, 81, 85, 80, 72, 81, 83, 86, 82, 87, 86, 81, 77, 79, 78, 71, 85, 80, 77, 78, 72, 73, 73, 83, 83, 79, 85, 85, 82, 87, 96, 88, 83, 85, 82, 88, 90, 95, 87, 77, 77, 74, 71, 71, 77, 76, 69, 71, 71, 69, 79, 85, 86, 79, 85, 86, 84, 86, 93, 85, 75, 82, 81, 80, 77, 89, 81, 76, 77, 79, 77, 79, 86, 86, 78, 75, 76, 79, 81, 81, 78, 72, 76, 75, 90, 91, 87, 81, 78, 84, 78, 76, 79, 87, 84, 79, 86, 77, 80, 78, 85, 84, 80, 87, 85, 85, 89, 81, 75, 75, 82]",14.19251036382748,0.1402287413798166,1.7747665448639869,0.13865094511823753,1.7403327644925668
33,"[126, 132, 129, 123, 117, 126, 123, 120, 120, 114, 120, 132, 138, 138, 132, 138, 138, 147, 147, 138, 138, 141, 138, 135, 138, 135, 135, 129, 117, 120, 126, 120, 135, 141, 141, 141, 144, 132, 135, 129, 126, 111, 111, 111, 108, 108, 111, 117, 117, 117, 120, 120, 123, 126, 129, 123, 123, 126, 129, 132, 138, 141, 126, 123, 120, 114, 114, 114, 114, 114, 111, 114, 123, 123, 123, 120, 117, 105, 111, 111, 111, 108, 114, 108, 96, 102, 105, 111, 114, 111, 99, 102, 102, 96, 105, 108, 105, 105, 102]","[104, 108, 103, 103, 109, 110, 106, 102, 106, 102, 103, 107, 107, 100, 97, 101, 98, 101, 103, 103, 100, 98, 101, 102, 104, 105, 104, 100, 98, 101, 102, 99, 103, 103, 100, 100, 103, 97, 96, 99, 102, 91, 90, 94, 92, 93, 94, 97, 94, 99, 103, 99, 101, 103, 105, 103, 106, 108, 106, 108, 109, 114, 102, 108, 116, 110, 111, 114, 116, 109, 108, 112, 114, 111, 113, 115, 112, 104, 108, 105, 106, 110, 113, 111, 104, 106, 101, 101, 104, 106, 99, 99, 103, 103, 103, 105, 108, 101, 100]",22.519576220064913,0.14364426951183137,4.242891712038717,0.15986037698486222,4.0352749203976614
34,"[97, 100, 97, 91, 88, 85, 91, 91, 103, 94, 88, 73, 67, 64, 64, 73, 61, 67, 64, 63, 69, 75, 78, 78, 84, 87, 81, 78, 81, 81, 81, 87, 99, 104, 110, 101, 101, 86, 98, 101, 95, 86, 86, 89, 83, 80, 80, 80, 68, 71, 77, 71, 68, 63, 60, 63, 63, 63, 51, 54, 60, 63, 66, 63, 63, 60, 63, 66, 66, 63, 63, 63, 54, 66, 69, 66, 72, 84, 87, 75, 66, 75, 84, 84, 87, 99, 93, 96, 96, 99, 93, 99, 108, 96, 96, 99, 96, 87, 87, 93, 93, 81, 72, 76, 79, 76, 76, 70, 72]","[72, 77, 76, 76, 76, 76, 75, 71, 76, 76, 72, 80, 75, 75, 65, 67, 67, 63, 62, 63, 61, 61, 63, 56, 53, 52, 51, 51, 53, 53, 53, 53, 56, 55, 52, 51, 51, 52, 50, 59, 59, 55, 57, 63, 59, 58, 61, 60, 62, 67, 73, 69, 73, 79, 79, 81, 86, 91, 91, 92, 94, 100, 97, 98, 94, 89, 90, 90, 90, 91, 90, 96, 98, 91, 92, 91, 93, 91, 92, 93, 93, 96, 96, 94, 83, 87, 79, 81, 81, 85, 84, 79, 85, 86, 87, 84, 88, 88, 89, 95, 87, 86, 87, 85, 85, 87, 92, 87, 89]",23.90155651144345,0.26126166260752104,4.128728565252894,0.26347160532944264,3.7984147749446846
35,"[62, 66, 60, 54, 56, 53, 50, 46, 43, 46, 43, 43, 49, 41, 38, 50, 51, 54, 57, 57, 48, 45, 60, 60, 48, 48, 51, 54, 60, 63, 66, 54, 51, 54, 45, 42, 30, 27, 24, 21, 18, 18, 24, 24, 24, 27, 21, 21, 18, 18, 24, 12, 12, 15, 18, 18, 21, 30, 33, 36, 45, 45, 42, 51, 60, 57, 51, 48, 39, 30, 42, 51, 42, 42, 45, 51, 60, 72, 75, 69, 57, 51, 51, 51, 48, 48, 39, 45, 45, 51, 54, 53, 62, 65, 62, 62, 59, 59, 59, 59, 54, 42, 39, 36, 33, 33, 33, 30, 33, 39, 45, 45, 45, 45, 42, 45, 42, 42, 36, 30]","[36, 37, 34, 32, 30, 34, 29, 31, 31, 29, 28, 30, 28, 27, 27, 33, 34, 33, 31, 37, 34, 30, 37, 36, 35, 38, 38, 33, 35, 33, 34, 33, 38, 38, 33, 32, 38, 37, 34, 33, 32, 28, 29, 33, 32, 30, 30, 29, 23, 25, 24, 20, 17, 14, 11, 8, 10, 12, 12, 11, 12, 15, 19, 23, 25, 19, 18, 24, 27, 25, 22, 24, 20, 17, 17, 16, 13, 13, 16, 19, 27, 26, 33, 28, 25, 31, 30, 28, 27, 25, 22, 24, 28, 29, 27, 27, 30, 24, 21, 26, 21, 21, 23, 23, 18, 16, 18, 20, 21, 20, 23, 17, 18, 21, 25, 26, 27, 28, 22, 22]",23.06404127641121,0.4459761433281637,4.775405656003708,0.5712685088895173,4.0685425049429815
36,"[23, 29, 28, 32, 26, 21, 27, 24, 36, 36, 42, 33, 36, 43, 37, 37, 28, 37, 34, 43, 55, 48, 48, 57, 54, 51, 54, 48, 33, 45, 60, 60, 66, 57, 55, 52, 58, 55, 46, 43, 40, 37, 30, 30, 27, 30, 36, 30, 27, 27, 30, 39, 39, 27, 18, 21, 21, 25, 28, 22, 25, 25, 22, 19, 25, 30, 24, 30, 27, 30, 30, 30, 30, 30, 30, 33, 33, 30, 33, 36, 33, 27, 42, 42, 39, 39, 36, 42, 45, 57, 45, 33, 33, 33, 33, 24, 30, 15, 12, 21, 25, 28, 34, 40, 34, 34, 43, 40, 39, 45, 51, 54, 48, 57, 51, 51, 57, 48, 48, 39, 51]","[29, 34, 34, 37, 38, 39, 32, 29, 34, 36, 35, 37, 34, 31, 29, 32, 32, 32, 33, 28, 27, 24, 25, 25, 24, 24, 23, 31, 30, 35, 34, 33, 34, 34, 35, 33, 39, 41, 40, 40, 38, 32, 25, 27, 25, 26, 28, 27, 29, 31, 34, 36, 32, 33, 28, 26, 19, 16, 17, 19, 18, 20, 21, 19, 23, 22, 25, 26, 27, 24, 20, 23, 25, 24, 24, 24, 25, 22, 24, 21, 22, 21, 18, 20, 17, 20, 22, 18, 19, 23, 22, 22, 26, 25, 22, 23, 25, 30, 26, 27, 25, 21, 22, 21, 20, 18, 20, 23, 23, 23, 21, 22, 17, 21, 26, 25, 26, 28, 27, 27, 31]",15.599056975099382,0.3124896807548155,3.0184001247466083,0.37034818080431076,2.8302699710345673
37,"[48, 45, 36, 30, 24, 24, 27, 33, 33, 39, 42, 42, 45, 39, 33, 39, 33, 30, 33, 30, 36, 33, 30, 30, 39, 30, 33, 31, 34, 31, 33, 24, 24, 27, 29, 32, 32, 33, 30, 30, 24, 21, 15, 24, 27, 32, 35, 38, 44, 44, 38, 29, 21, 24, 18, 18, 21, 30, 36, 39, 33, 39, 30, 36, 27, 27, 27, 27, 27, 30, 21, 18, 21, 21, 21, 15, 15, 15, 18, 15, 12, 12, 15, 18, 21, 18, 18, 18, 21, 21, 15, 12, 12, 12, 12, 12, 12, 18, 21, 21, 18, 18, 15, 12, 12, 18, 18, 18, 18, 21, 24, 18, 12, 18, 24, 27, 27, 33, 33, 36, 30, 24]","[28, 26, 25, 28, 29, 30, 30, 31, 33, 32, 32, 32, 31, 32, 32, 38, 38, 37, 36, 35, 41, 36, 34, 33, 32, 26, 26, 25, 29, 28, 28, 23, 24, 27, 28, 31, 33, 35, 34, 38, 33, 31, 31, 33, 33, 33, 34, 32, 31, 33, 35, 32, 32, 29, 23, 19, 24, 16, 16, 14, 13, 15, 13, 12, 11, 11, 13, 13, 16, 15, 16, 14, 17, 18, 19, 19, 21, 21, 21, 18, 17, 17, 18, 19, 18, 19, 17, 17, 17, 17, 15, 14, 14, 16, 18, 17, 17, 17, 17, 17, 16, 18, 20, 20, 21, 22, 22, 22, 24, 23, 22, 22, 22, 22, 20, 23, 23, 20, 18, 17, 16, 15]",8.690488488222881,0.2566812610912278,1.537449554253403,0.2727669030790899,1.5776091555218197
38,"[21, 24, 18, 18, 21, 15, 15, 18, 21, 18, 18, 18, 15, 15, 21, 24, 24, 21, 21, 18, 15, 15, 15, 15, 15, 15, 9, 9, 6, 6, 12, 12, 18, 27, 27, 27, 27, 24, 24, 27, 33, 33, 27, 27, 21, 12, 15, 18, 21, 21, 33, 27, 21, 24, 27, 33, 33, 33, 39, 36, 36, 39, 27, 30, 30, 33, 30, 24, 27, 27, 21, 27, 27, 24, 24, 21, 21, 15, 15, 18, 15, 18, 21, 15, 12, 15, 18, 18, 18, 18, 18, 15, 15, 15, 9, 9, 15, 12, 12, 18, 21, 21, 24, 27, 36, 39, 42, 42, 36, 36, 33, 30, 33, 36, 33, 30, 24]","[5, 5, 7, 6, 7, 10, 10, 10, 10, 8, 7, 5, 3, 3, 3, 3, 4, 4, 4, 4, 4, 4, 4, 3, 3, 4, 4, 4, 2, 2, 2, 2, 3, 3, 3, 2, 2, 2, 2, 2, 2, 2, 2, 2, 2, 2, 3, 3, 3, 3, 3, 4, 4, 5, 5, 5, 5, 5, 2, 1, 0, 0, 11, 9, 9, 5, 5, 5, 4, 4, 3, 3, 3, 1, 1, 0, 0, 0, 0, 0, 1, 1, 0, 3, 2, 2, 2, 2, 2, 1, 1, 0, 0, 0, 2, 2, 2, 2, 1, 1, 0, 0, 0, 0, 0, 0, 0, 0, 3, 3, 1, 3, 1, 1, 0, 0, 4]",21.398538171974177,0.8475225787191599,5.044512402310568,1.5154678976117977,4.206502660660794
39,"[44, 45, 45, 46, 49, 45, 47, 47, 54, 54, 51, 54, 60, 57, 60, 54, 48, 45, 39, 33, 27, 33, 39, 57, 54, 57, 66, 75, 84, 90, 108, 117, 132, 129, 132, 138, 141, 138, 123, 117, 120, 135, 120, 114, 96, 90, 84, 69, 72, 72, 93, 99, 84, 75, 90, 108, 111, 114, 120, 108, 99, 108, 87, 78, 87, 90, 72, 57, 69, 66, 66, 69, 69, 63, 75, 78, 69, 60, 69, 72, 60, 66, 72, 75, 78, 78, 69, 63, 69, 69, 66, 63, 60, 57, 42, 39, 45, 48, 69, 81, 87, 87, 96, 93, 102, 102, 111, 117, 108, 105, 84, 90, 78, 87, 84, 81, 75]","[75, 74, 71, 66, 65, 64, 63, 61, 60, 57, 51, 50, 47, 49, 46, 54, 59, 57, 53, 53, 51, 51, 50, 49, 45, 55, 57, 53, 52, 56, 64, 57, 63, 67, 69, 80, 81, 76, 75, 81, 79, 79, 76, 74, 76, 73, 70, 85, 83, 72, 77, 72, 66, 77, 77, 71, 70, 70, 65, 59, 54, 59, 63, 54, 57, 57, 46, 54, 56, 51, 47, 48, 42, 42, 39, 40, 51, 46, 49, 48, 50, 52, 53, 55, 48, 50, 59, 46, 49, 48, 46, 49, 49, 47, 45, 44, 44, 44, 45, 47, 53, 49, 51, 56, 61, 58, 66, 68, 71, 69, 84, 85, 82, 90, 87, 79, 81]",29.448782134933342,0.29329770894595725,5.363262910798122,0.33029887773973665,4.71569836248286
40,"[81, 81, 60, 45, 48, 57, 51, 51, 60, 66, 51, 56, 56, 65, 71, 77, 77, 65, 62, 71, 62, 59, 62, 60, 57, 57, 51, 51, 48, 48, 48, 36, 36, 33, 30, 24, 24, 15, 15, 9, 0, 0, 3, 9, 9, 9, 15, 27, 27, 27, 36, 45, 45, 51, 54, 48, 51, 54, 57, 45, 60, 69, 63, 60, 69, 75, 69, 84, 84, 93, 90, 99, 84, 75, 78, 75, 72, 63, 66, 54, 51, 48, 42, 33, 36, 36, 36, 33, 30, 33, 33, 30, 30, 21, 21, 21, 18, 21, 15, 18, 18, 12, 15, 21, 21, 24, 27, 33, 33, 33, 36, 33, 30, 33, 36, 30, 42]","[62, 66, 64, 59, 60, 62, 64, 65, 69, 68, 63, 64, 65, 70, 71, 76, 73, 69, 67, 65, 62, 60, 65, 64, 58, 59, 58, 59, 58, 62, 64, 57, 65, 66, 70, 67, 74, 65, 64, 66, 66, 66, 66, 71, 68, 63, 61, 61, 58, 57, 61, 61, 53, 51, 48, 47, 51, 51, 47, 42, 41, 45, 46, 46, 48, 45, 42, 46, 46, 46, 46, 49, 47, 44, 45, 45, 48, 50, 54, 51, 47, 48, 49, 49, 48, 51, 49, 45, 46, 44, 47, 43, 46, 44, 44, 47, 48, 48, 49, 52, 47, 46, 45, 48, 51, 53, 57, 53, 53, 55, 54, 55, 54, 56, 53, 47, 50]",26.82166492598305,5080984194982098.0,3.999503783649671,0.48376713697821366,3.8919790066675786
41,"[88, 94, 94, 103, 112, 100, 103, 106, 115, 112, 111, 102, 96, 96, 102, 111, 102, 84, 89, 86, 74, 71, 74, 71, 65, 77, 71, 71, 71, 80, 83, 87, 87, 93, 93, 90, 90, 87, 78, 87, 78, 69, 72, 69, 57, 63, 60, 66, 66, 69, 84, 75, 72, 87, 90, 90, 96, 114, 108, 108, 105, 108, 111, 108, 126, 117, 111, 120, 114, 123, 117, 124, 121, 115, 127, 127, 115, 115, 130, 127, 124, 124, 124, 121, 120, 141, 144, 141, 144, 159, 147, 147, 141, 135, 132, 132, 126, 120, 117, 126, 114, 108, 96, 99, 93, 96, 105, 108, 111, 111, 111, 99, 99, 114, 114, 123]","[59, 65, 58, 66, 68, 69, 67, 68, 74, 67, 70, 65, 70, 73, 72, 74, 68, 66, 65, 65, 65, 62, 73, 69, 71, 70, 70, 69, 68, 75, 70, 70, 76, 83, 88, 86, 93, 89, 87, 89, 92, 97, 95, 92, 85, 81, 79, 77, 75, 78, 78, 70, 65, 58, 51, 47, 53, 55, 48, 52, 52, 58, 58, 60, 67, 63, 66, 62, 64, 64, 64, 64, 56, 60, 62, 67, 68, 68, 78, 72, 72, 67, 66, 65, 67, 71, 67, 68, 67, 67, 70, 69, 69, 62, 64, 63, 63, 63, 67, 62, 57, 61, 61, 63, 63, 60, 64, 57, 59, 61, 63, 65, 66, 73, 67, 67]",44.196953397889004,0.34417630260286436,7.677769640388222,0.4291634957487077,6.801714656000459
42,"[56, 62, 72, 66, 67, 73, 67, 62, 65, 70, 67, 67, 64, 70, 73, 79, 82, 73, 76, 85, 85, 78, 78, 72, 66, 60, 48, 51, 45, 48, 60, 48, 51, 51, 63, 78, 81, 75, 69, 65, 71, 77, 71, 71, 65, 62, 50, 41, 50, 50, 56, 51, 42, 36, 42, 42, 42, 51, 57, 51, 45, 54, 51, 54, 57, 57, 42, 48, 48, 39, 33, 36, 39, 30, 33, 42, 42, 51, 54, 57, 57, 60, 60, 69, 72, 81, 75, 63, 63, 54, 60, 54, 57, 54, 54, 51, 42, 42, 45, 54, 54, 51, 45, 42, 42, 54, 60, 66, 63, 57, 63, 54, 57, 60, 60, 60, 60]","[61, 67, 67, 64, 63, 64, 63, 60, 65, 67, 59, 58, 59, 59, 60, 64, 64, 57, 57, 59, 50, 50, 55, 60, 55, 59, 62, 62, 63, 67, 71, 65, 69, 74, 72, 68, 75, 69, 64, 67, 68, 67, 69, 74, 70, 63, 60, 63, 58, 56, 59, 52, 44, 43, 41, 38, 38, 38, 36, 33, 36, 39, 39, 35, 38, 37, 39, 41, 43, 40, 36, 39, 38, 35, 33, 33, 31, 29, 32, 31, 31, 32, 33, 32, 29, 32, 36, 37, 38, 40, 39, 38, 41, 39, 35, 39, 43, 43, 42, 47, 44, 38, 37, 38, 38, 38, 42, 44, 41, 43, 43, 45, 39, 43, 45, 43, 43]",15.970325045260727,0.214427076863369,2.621923024615803,0.24381225517738778,2.522829756603535
43,"[105, 111, 111, 108, 105, 114, 117, 114, 120, 117, 120, 120, 120, 126, 129, 144, 138, 135, 132, 144, 141, 138, 141, 135, 135, 123, 126, 123, 123, 123, 126, 114, 114, 117, 123, 126, 126, 123, 123, 120, 120, 120, 117, 123, 126, 120, 108, 111, 120, 129, 132, 126, 132, 132, 132, 132, 141, 150, 153, 159, 156, 159, 156, 159, 156, 156, 156, 153, 162, 162, 165, 168, 174, 171, 171, 168, 168, 165, 165, 147, 141, 132, 129, 123, 117, 117, 108, 111, 102, 93, 90, 90, 93, 93, 90, 84, 84]","[74, 74, 73, 78, 75, 74, 71, 70, 71, 70, 72, 70, 72, 73, 71, 73, 71, 68, 65, 68, 68, 65, 67, 63, 59, 61, 66, 70, 75, 77, 85, 88, 93, 101, 107, 113, 119, 124, 129, 128, 139, 143, 153, 156, 163, 170, 172, 178, 180, 189, 197, 200, 201, 204, 212, 216, 224, 231, 226, 224, 215, 224, 225, 224, 226, 223, 223, 219, 223, 223, 220, 223, 220, 221, 215, 220, 214, 212, 218, 216, 214, 206, 212, 212, 210, 213, 207, 206, 200, 204, 201, 200, 207, 202, 203, 199, 200]",65.83171297322963,0.48984030560506103,10.192268041237114,0.43940773527822397,7.95493744936647
44,"[79, 82, 78, 84, 87, 87, 90, 87, 93, 93, 96, 87, 84, 81, 75, 78, 75, 87, 96, 96, 99, 102, 108, 99, 96, 99, 99, 99, 102, 99, 93, 96, 102, 111, 113, 116, 116, 101, 92, 101, 101, 95, 101, 101, 101, 101, 100, 103, 94, 97, 97, 91, 85, 76, 77, 71, 74, 74, 68, 65, 59, 59, 53, 59, 74, 68, 63, 57, 63, 60, 63, 66, 66, 72, 66, 72, 72, 78, 81, 69, 69, 75, 69, 66, 51, 63, 60, 63, 60, 75, 75, 75, 75, 69, 72, 78, 84, 87, 99, 105, 105, 102, 102, 102, 102, 96, 102, 96, 96]","[67, 71, 63, 62, 63, 69, 66, 66, 70, 65, 61, 64, 62, 57, 56, 60, 56, 56, 58, 58, 55, 56, 60, 57, 58, 52, 50, 44, 43, 46, 47, 44, 42, 41, 36, 34, 34, 31, 26, 26, 25, 21, 27, 32, 29, 34, 37, 38, 37, 42, 46, 48, 52, 52, 53, 54, 58, 62, 59, 58, 55, 58, 54, 54, 57, 56, 56, 55, 56, 52, 51, 55, 55, 54, 52, 56, 54, 53, 57, 55, 58, 56, 56, 52, 54, 57, 52, 50, 50, 51, 47, 47, 50, 48, 49, 46, 46, 42, 43, 47, 50, 48, 49, 49, 46, 48, 51, 46, 46]",40.659923238960566,0.36904433426767186,7.32285471537808,0.49095737769622166,6.694270961687605
45,"[78, 90, 84, 75, 63, 60, 57, 60, 66, 81, 69, 81, 75, 78, 81, 93, 102, 102, 99, 102, 99, 87, 90, 84, 81, 78, 66, 57, 54, 60, 72, 60, 60, 69, 81, 84, 90, 78, 78, 84, 81, 84, 75, 81, 78, 63, 63, 63, 66, 66, 81, 87, 81, 75, 81, 81, 93, 102, 99, 90, 93, 93, 81, 75, 84, 87, 78, 78, 72, 72, 63, 69, 66, 66, 72, 69, 69, 69, 78, 72, 66, 72, 72, 75, 72, 72, 81, 75, 75, 84, 78, 84, 96, 90, 87, 93, 96, 102, 96, 96, 90, 75, 81, 90, 93, 90, 102, 93, 84, 84, 75, 84, 93, 102, 102, 87, 78]","[51, 55, 55, 52, 55, 55, 53, 50, 56, 54, 56, 59, 54, 53, 55, 60, 56, 57, 49, 51, 47, 46, 50, 49, 46, 48, 49, 49, 53, 55, 59, 57, 59, 52, 52, 50, 55, 50, 49, 45, 44, 43, 45, 53, 47, 44, 42, 42, 41, 42, 44, 45, 39, 40, 38, 37, 40, 43, 46, 40, 39, 42, 48, 43, 47, 46, 46, 46, 43, 43, 42, 46, 45, 46, 47, 43, 39, 38, 41, 44, 40, 41, 40, 38, 39, 43, 42, 40, 42, 41, 39, 42, 46, 47, 43, 44, 42, 44, 45, 50, 47, 43, 44, 40, 40, 40, 44, 43, 39, 39, 39, 41, 39, 42, 43, 40, 38]",36.788027595387256,0.4100190808699759,6.393311119338517,0.5319023764614809,5.1802844990504635
46,"[111, 111, 102, 87, 84, 81, 78, 78, 81, 87, 105, 99, 93, 90, 84, 96, 102, 99, 102, 102, 108, 111, 114, 108, 105, 102, 117, 120, 105, 120, 123, 114, 111, 105, 90, 84, 84, 87, 81, 72, 72, 78, 75, 75, 60, 54, 54, 60, 69, 75, 75, 78, 99, 99, 114, 129, 132, 132, 144, 147, 147, 156, 156, 153, 168, 153, 147, 141, 153, 156, 141, 147, 144, 141, 138, 141, 132, 132, 138, 135, 138, 132, 114, 114, 114, 117, 105, 96, 90, 90, 81, 66, 75, 78, 78, 69, 63, 66, 60, 72, 75, 69, 63, 69, 69, 75, 78, 81, 81, 81, 75]","[87, 95, 95, 108, 103, 97, 104, 97, 104, 104, 108, 104, 100, 103, 96, 104, 105, 105, 99, 94, 92, 91, 91, 90, 90, 91, 92, 93, 96, 97, 96, 90, 87, 85, 83, 80, 80, 76, 71, 68, 66, 62, 59, 58, 67, 70, 66, 66, 67, 70, 76, 77, 76, 73, 76, 79, 82, 89, 88, 94, 87, 93, 95, 97, 106, 113, 116, 110, 115, 113, 109, 114, 112, 119, 108, 107, 108, 109, 110, 109, 110, 104, 109, 110, 107, 116, 116, 117, 109, 105, 112, 112, 116, 113, 111, 103, 95, 93, 90, 95, 87, 86, 80, 79, 77, 75, 81, 80, 80, 76, 78]",26.176979089158365,0.2017641369904237,3.7018504991477963,0.20648486080707354,3.444828745619977
47,"[297, 306, 306, 309, 303, 312, 321, 321, 324, 330, 348, 348, 348, 360, 336, 351, 342, 327, 312, 309, 315, 315, 318, 318, 312, 303, 303, 201, 195, 195, 201, 195, 195, 195, 198, 198, 207, 210, 222, 222, 228, 234, 225, 243, 249, 243, 240, 228, 240, 240, 288, 333, 336, 330, 327, 333, 360, 366, 372, 365, 360, 381, 387, 390, 405, 402, 399, 396, 393, 384, 375, 384, 384, 369, 360, 363, 372, 387, 393, 402, 399, 399, 351, 303, 300, 309, 336, 336, 309, 312, 315, 316, 321, 303, 294, 288, 276]","[173, 181, 183, 189, 186, 194, 194, 195, 201, 202, 201, 194, 196, 195, 193, 198, 191, 192, 183, 182, 177, 168, 169, 163, 157, 152, 150, 143, 148, 144, 133, 127, 127, 131, 136, 134, 143, 143, 148, 138, 141, 144, 159, 170, 169, 175, 167, 177, 179, 190, 201, 203, 216, 214, 222, 229, 240, 254, 252, 259, 252, 265, 268, 272, 283, 283, 285, 280, 284, 286, 292, 302, 295, 295, 284, 289, 292, 291, 299, 285, 292, 278, 274, 268, 268, 272, 255, 257, 252, 256, 250, 246, 254, 250, 248, 239, 237]",103.467311437393,0.3135872742684241,13.414849943968276,0.3792662763506712,10.321619285582244
48,"[105, 108, 108, 105, 102, 99, 96, 102, 102, 93, 84, 84, 84, 84, 84, 93, 93, 93, 93, 81, 81, 84, 87, 87, 93, 84, 84, 81, 84, 87, 90, 87, 84, 87, 87, 93, 102, 102, 105, 102, 105, 99, 99, 102, 105, 99, 99, 99, 96, 96, 102, 96, 96, 96, 87, 87, 96, 102, 102, 99, 99, 105, 105, 108, 114, 102, 93, 87, 90, 90, 87, 90, 87, 84, 81, 78, 75, 69, 75, 75, 69, 75, 72, 72, 72, 72, 72, 66, 66, 63, 60, 54, 57, 54, 51, 57, 63, 63, 63]","[95, 99, 97, 101, 103, 102, 98, 100, 103, 90, 100, 100, 101, 95, 97, 99, 92, 89, 89, 78, 77, 76, 77, 70, 68, 65, 62, 59, 62, 65, 69, 68, 73, 77, 78, 79, 82, 80, 81, 81, 83, 81, 84, 86, 85, 84, 89, 94, 98, 104, 108, 105, 111, 116, 116, 120, 126, 131, 127, 136, 131, 135, 131, 132, 134, 121, 127, 126, 128, 121, 123, 127, 126, 123, 127, 130, 119, 121, 129, 128, 131, 126, 128, 125, 122, 127, 118, 119, 120, 121, 117, 119, 125, 122, 123, 126, 132, 118, 119]",33.82082915672655,0.35984186293037973,6.653640147876459,0.28537965492065664,6.20919698766517
49,"[134, 143, 149, 137, 137, 128, 116, 116, 122, 122, 122, 119, 119, 119, 122, 131, 131, 131, 128, 134, 137, 137, 140, 134, 128, 125, 127, 123, 123, 123, 126, 120, 120, 114, 117, 117, 117, 111, 123, 120, 123, 126, 129, 132, 132, 131, 123, 120, 120, 120, 120, 123, 117, 111, 114, 115, 120, 116, 111, 114, 103, 103, 105, 111, 117, 117, 117, 117, 126, 138, 138, 141, 132, 135, 132, 138, 138, 151, 156, 153, 168, 171, 171, 162, 174, 180, 183, 191, 186, 199, 198, 198, 200, 212, 215, 206, 203]","[74, 76, 79, 78, 60, 61, 91, 91, 93, 92, 66, 63, 63, 62, 65, 66, 60, 55, 52, 44, 47, 49, 50, 52, 53, 47, 53, 43, 42, 36, 37, 32, 32, 30, 33, 34, 35, 36, 33, 33, 36, 30, 39, 42, 43, 44, 40, 39, 39, 43, 47, 55, 53, 60, 60, 52, 56, 74, 84, 65, 65, 65, 64, 63, 64, 64, 69, 64, 61, 58, 66, 68, 77, 80, 71, 62, 61, 62, 74, 96, 60, 56, 51, 57, 52, 54, 53, 55, 52, 49, 48, 46, 55, 45, 49, 41, 47]",86.81815335848442,0.5760995067506024,20.521503539932926,0.8361638220123678,15.48160137368294
50,"[91, 103, 88, 88, 84, 96, 99, 100, 103, 96, 92, 86, 86, 98, 105, 111, 111, 105, 102, 108, 108, 96, 99, 93, 88, 79, 73, 76, 82, 82, 82, 85, 97, 82, 78, 72, 72, 72, 75, 69, 75, 75, 76, 76, 76, 82, 79, 70, 67, 71, 83, 74, 65, 65, 71, 71, 77, 86, 83, 83, 83, 86, 85, 85, 91, 82, 85, 85, 82, 78, 72, 75, 72, 75, 78, 82, 76, 67, 79, 73, 73, 70, 73, 73, 67, 76, 67, 73, 76, 85, 79, 85, 85, 82, 70, 69, 78, 84, 84, 93, 84, 87, 84, 99, 102, 93, 102, 96, 99]","[60, 59, 56, 54, 49, 51, 54, 53, 56, 53, 52, 50, 51, 51, 54, 57, 53, 56, 53, 54, 55, 53, 57, 51, 48, 48, 46, 48, 47, 47, 48, 48, 51, 51, 53, 49, 48, 45, 47, 47, 43, 44, 42, 43, 44, 44, 39, 37, 35, 37, 38, 36, 37, 35, 34, 35, 36, 37, 34, 34, 34, 32, 35, 36, 37, 36, 34, 36, 36, 36, 36, 38, 35, 39, 39, 38, 38, 36, 37, 35, 36, 35, 35, 38, 38, 40, 37, 39, 41, 40, 39, 38, 40, 37, 37, 36, 37, 41, 42, 44, 37, 40, 38, 38, 41, 42, 44, 41, 41]",41.43703081708172,0.4831831937053314,9.932837112688247,0.6426509512083709,7.3658479100081315
